"","Country","2014","","2014","","2014","","2014","","2014","","2010–2015","c","2014","","2014","d","2014","","2014","d","2014","","2005–2013","e","2005–2013","e","2005–2013","e"
"1","Norway","0.94387728002259","","0.89320843931105","","5.3681598004271","","0","","5.3020976666667","","3.357893","","0.91586981403077","","2.32217","","0.88587795476547","","10.22623","","0.87831603908444","","3.998888889","","0.931034483","","26.83",""
"2","Australia","0.93495825022226","","0.85820843314052","","8.2089031316102","","-2","","7.9357356666667","","4.207207","","0.9196108128","","1.9","","0.914402552487","","17.7","","0.75168664548526","","5.847795164","","1.315432742","","34.01",""
"3","Switzerland","0.92961313988671","","0.8608799402078","","7.3937422708213","","0","","7.322192","","3.917156","","0.931264488","","5.7249","","0.81649075619529","","12.32452","","0.83908015567746","","5.234210526","","1.208478803","","32.35",""
"4","Denmark","0.92332792604768","","0.85633974072982","","7.2550806087504","","-1","","7.107145","","3.960365","","0.88947477338462","","2.96127","","0.89694153949551","","14.3998","","0.78711923250961","","3.961664841","","0.936837643","","26.88",""
"5","Netherlands","0.92179351186519","","0.86121049849916","","6.5722976551928","","3","","6.501992","","3.873686","","0.91098168344615","","4.05123","","0.85795505007194","","11.58106","","0.81724781164561","","4.45952381","","1.029743128","","28.87",""
"6","Germany","0.91607990769889","","0.85309933068699","","6.875009099381","","0","","6.7257593333333","","3.681238","","0.90243270858462","","2.44114","","0.87090475694763","","14.0549","","0.7899749372474","","4.721351025","","1.142790262","","30.63",""
"6","Ireland","0.9155415619842","","0.83640154070207","","8.6440664813316","","-3","","8.467664","","3.703992","","0.90221952110769","","5.367","","0.85800586666667","","16.332","","0.75586110050549","","5.251968504","","1.204601077","","32.06",""
"8","United States","0.91495935395978","","0.75969505460041","","16.969529705053","","-20","","15.685760666667","","6.193282","","0.85291954366154","","5.3","","0.84206804895589","","35.564","","0.61046763352103","","9.793617021","","1.960927152","","41.12",""
"9","Canada","0.91317898442073","","0.8324117773628","","8.8446195582527","","-2","","8.626567","","4.629701","","0.90968592892308","","3.856","","0.84072571646837","","17.394","","0.75416928248701","","5.771830986","","1.32067727","","33.68",""
"9","New Zealand","0.91349765564925","","..","","..","","..","","..","","4.766391","","0.90545185172308","","..","","..","","..","","..","","..","","..","","..",""
"11","Singapore","0.91179782000857","","..","","..","","..","","..","","2.791683","","0.94217291861538","","..","","..","","..","","..","","..","","..","","..",""
"12","Hong Kong, China (SAR)","0.90995186958535","","..","","..","","..","","..","","2.848147","","0.95657209107692","","..","","..","","..","","..","","..","","..","","..",""
"13","Liechtenstein","0.90750119035273","","..","","..","","..","","..","","..","","..","","..","","..","","..","","..","","..","","..","","..",""
"14","Sweden","0.90681646015663","","0.84642232158246","","6.6600179008378","","3","","6.543517","","3.106701","","0.92719433812308","","3.46342","","0.81330298930689","","13.06043","","0.80415207003845","","3.746848739","","0.895553691","","26.08",""
"14","United Kingdom","0.90669819173631","","0.82859554516363","","8.6139629795794","","-2","","8.3587963333333","","4.479319","","0.89201620564615","","2.78598","","0.86003069896528","","17.81109","","0.74155110076754","","7.639514731","","1.665306122","","38.04",""
"16","Iceland","0.89941212684202","","0.84607550854785","","5.9301644599175","","4","","5.8187733333333","","2.82186","","0.93590024061538","","2.41753","","0.8323784691","","12.21693","","0.77745806684819","","3.784518828","","0.926452152","","26.3",""
"17","Korea (Republic of)","0.89833413494607","","0.75083437242819","","16.419253903419","","-19","","15.946098666667","","3.865296","","0.91549818116923","","25.538","","0.64414614817222","","18.435","","0.71777865264015","","..","","..","","..",""
"18","Israel","0.89427298063625","","0.77466583610068","","13.374791269045","","-9","","12.90221","","3.80263","","0.923494752","","9.907","","0.77595729224065","","24.997","","0.64874042267886","","10.28199566","","2.199015471","","42.78",""
"19","Luxembourg","0.89185162666864","","0.8217720623603","","7.8577604405009","","0","","7.7468836666667","","3.334191","","0.91758160235385","","6.01176","","0.72936887394999","","13.8947","","0.82920553925312","","..","","..","","..",""
"20","Japan","0.89059321258987","","0.7798964846212","","12.429549922884","","-5","","12.166838666667","","3.227516","","0.94539272830769","","19.813","","0.64929930880833","","13.46","","0.77277611465958","","5.388059701","","1.223209877","","32.11",""
"21","Belgium","0.8902629922371","","0.81955506072857","","7.9423644614104","","1","","7.8884813333333","","3.916444","","0.89875080073846","","8.118","","0.76209729923875","","11.631","","0.80368284146993","","4.992814371","","1.334274953","","33.14",""
"22","France","0.8881074365226","","0.81056175448626","","8.7315654443757","","0","","8.6393643333333","","4.006433","","0.91858459498462","","7.96173","","0.75066026911457","","13.94993","","0.77231725241308","","5.088348271","","1.197572816","","31.69",""
"23","Austria","0.88502726002131","","0.81641212411453","","7.7528838947991","","2","","7.577894","","3.744022","","0.9092487768","","3.48986","","0.77068298253456","","15.4998","","0.77655074702665","","4.574468085","","1.10669746","","30.04",""
"24","Finland","0.88272778682549","","0.83389512334507","","5.532018387689","","10","","5.4537576666667","","3.532553","","0.90234165809231","","2.05054","","0.8002642293555","","10.77818","","0.8030265224891","","4.037037037","","0.983885017","","27.79",""
"25","Slovenia","0.88028084035018","","0.82852306471495","","5.8796889881924","","8","","5.805945","","3.785705","","0.89405283353846","","2.64355","","0.84042360246799","","10.98858","","0.75692418922476","","3.574511819","","0.849427169","","24.87",""
"26","Spain","0.87612430743344","","0.77541496054718","","11.494869624298","","0","","10.999954666667","","3.860274","","0.92589951501538","","5.23147","","0.75929101727004","","23.90812","","0.66317845545227","","7.630314233","","1.436716078","","35.75",""
"27","Italy","0.8730229841027","","0.7725215502815","","11.511888650274","","-1","","11.252284333333","","3.350753","","0.93824115164615","","10.55974","","0.69972640288336","","19.84636","","0.70224567182876","","6.878088962","","1.449668142","","35.52",""
"28","Czech Republic","0.87009082075001","","0.82280226741549","","5.4348985424025","","10","","5.3450323333333","","3.665777","","0.86849007196923","","1.39045","","0.85390391991667","","10.97887","","0.75112561740993","","3.878885316","","0.929765886","","26.39",""
"29","Greece","0.86518718080572","","0.75820959665739","","12.364675127144","","-5","","12.100277666667","","4.033833","","0.89912916466154","","11.62377","","0.73499564616667","","20.64323","","0.65957013009768","","6.423255814","","1.398291511","","34.74",""
"30","Estonia","0.86083501535088","","0.78204027553093","","9.1532916778289","","6","","8.875897","","5.608321","","0.82483805649231","","2.42599","","0.85270306793483","","18.59338","","0.68001868233393","","5.626220363","","1.227610094","","32.69",""
"31","Brunei Darussalam","0.85561586466372","","..","","..","","..","","..","","4.421263","","0.86461995932308","","..","","..","","..","","..","","..","","..","","..",""
"32","Cyprus","0.84974543510492","","0.75844223764453","","10.74477057345","","-2","","10.611678333333","","3.716375","","0.89173449615385","","13.14751","","0.67333602911041","","14.97115","","0.72660789390001","","..","","..","","..",""
"32","Qatar","0.84976836456849","","..","","..","","..","","..","","6.04669","","0.84124348338462","","..","","..","","..","","..","","..","","..","","..",""
"34","Andorra","0.84466946782457","","..","","..","","..","","..","","..","","..","","..","","..","","..","","..","","..","","..","","..",""
"35","Slovakia","0.84357211909383","","0.79094489701544","","6.2386156307439","","9","","6.1525056666667","","5.611807","","0.81754696398462","","1.53767","","0.81328521248698","","11.30804","","0.74418874815113","","4.106604867","","0.907399394","","26.58",""
"36","Poland","0.84267782791099","","0.760243552022","","9.7824189931933","","2","","9.60363","","5.69653","","0.83277218123077","","5.59326","","0.777669949074","","17.5211","","0.67847946828186","","5.178707224","","1.2803368","","32.78",""
"37","Lithuania","0.83942188312843","","0.75422607553288","","10.149343173904","","-1","","9.988051","","6.622783","","0.7656931794","","5.85483","","0.81719331042339","","17.48654","","0.68568562947692","","5.684210526","","1.240282686","","32.63",""
"37","Malta","0.83897834008905","","0.76730467958387","","8.5429691185561","","4","","8.4714983333333","","4.764735","","0.88788570138462","","7.31224","","0.690069127044","","13.33752","","0.7373163771297","","..","","..","","..",""
"39","Saudi Arabia","0.83727397725589","","..","","..","","..","","..","","8.731135","","0.76244605684615","","..","","..","","..","","..","","..","","..","","..",""
"40","Argentina","0.83557201822957","","0.71054600271779","","14.962925132017","","-8","","14.540082333333","","9.270247","","0.78585924521538","","8.098","","0.75942021682266","","26.252","","0.60110408663296","","10.62445415","","2.253361642","","43.57",""
"41","United Arab Emirates","0.83546903977307","","..","","..","","..","","..","","5.520886","","0.82850915353846","","..","","..","","..","","..","","..","","..","","..",""
"42","Chile","0.83217847721141","","0.67194575555297","","19.254610164321","","-13","","18.166767666667","","5.938428","","0.89286138344615","","12.595","","0.65530682932854","","35.966875","","0.51853002752509","","12.60840708","","3.279874214","","50.84",""
"43","Portugal","0.83009529677395","","0.74407580763516","","10.362604085711","","1","","10.052308","","3.906244","","0.90032457544615","","5.90099","","0.68506894125373","","20.34969","","0.66791034457265","","..","","..","","..",""
"44","Hungary","0.82835045318991","","0.76907700186402","","7.1556007602384","","10","","7.0668816666667","","5.395555","","0.803410056","","3.18778","","0.78932740207503","","12.61731","","0.71732345325271","","4.540606061","","1.048072562","","28.94",""
"45","Bahrain","0.82392195681221","","..","","..","","..","","..","","6.26169","","0.81624436092308","","..","","..","","..","","..","","..","","..","","..",""
"46","Latvia","0.818766009539","","0.73007270660904","","10.832558007616","","0","","10.528422333333","","7.570437","","0.77072035609231","","3.4944","","0.77787326622039","","20.52043","","0.64907168354273","","6.881410256","","1.49291939","","36.03",""
"47","Croatia","0.81753986901317","","0.74297998079367","","9.1200308444288","","3","","8.923272","","5.197326","","0.83572203387692","","4.33104","","0.74515227301741","","17.24145","","0.65860413512024","","5.265917603","","1.361984283","","33.61",""
"48","Kuwait","0.81627176757734","","..","","..","","..","","..","","7.226617","","0.77644185156923","","..","","..","","..","","..","","..","","..","","..",""
"49","Montenegro","0.80220100680979","","0.72822940439614","","9.2210807248707","","1","","9.1893386666667","","7.641056","","0.79854963889231","","7.36696","","0.73512624396054","","12.56","","0.65787106850759","","4.740606061","","1.146728972","","30.63",""
"50","Belarus","0.79836651789255","","0.74145793498794","","7.1281274488861","","4","","7.0824676666667","","6.787843","","0.73565902370769","","3.67781","","0.80355186988899","","10.78175","","0.68955525006687","","3.828175027","","0.917129432","","26.46",""
"50","Russian Federation","0.79787020085762","","0.71387983969925","","10.526820160483","","1","","10.27501","","9.84103","","0.69491759953846","","2.299","","0.78791035346454","","18.685","","0.66445448044941","","7.273993808","","1.82100939","","39.69",""
"52","Oman","0.79301947706922","","..","","..","","..","","..","","6.995757","","0.81271400036923","","..","","..","","..","","..","","..","","..","","..",""
"52","Romania","0.79279741996158","","0.7108305747817","","10.338939446076","","2","","10.186655333333","","8.757996","","0.76783655673846","","4.67028","","0.71876894862227","","17.13169","","0.65078900529643","","4.071829405","","0.945374449","","27.33",""
"52","Uruguay","0.79276297685494","","0.67777267751395","","14.50500372724","","-4","","14.201112666667","","9.191338","","0.7991162256","","9.209","","0.64671936048269","","24.203","","0.60245742506961","","8.96749522","","1.983563445","","41.32",""
"55","Bahamas","0.78995805951222","","..","","..","","..","","..","","9.435438","","0.77188872843077","","..","","..","","..","","..","","..","","..","","..",""
"56","Kazakhstan","0.78798245216233","","0.69439442885185","","11.876917189419","","1","","11.764243333333","","16.72763","","0.632870012","","5.874","","0.75111162256111","","12.6911","","0.70436810762326","","4.047619048","","1.039894783","","28.56",""
"57","Barbados","0.78545841290264","","..","","..","","..","","..","","8.132936","","0.78581673206154","","5.54685","","0.73380608660613","","..","","..","","..","","..","","..",""
"58","Antigua and Barbuda","0.78336726438453","","..","","..","","..","","..","","8.019153","","0.79386546410769","","..","","..","","..","","..","","..","","..","","..",""
"59","Bulgaria","0.78167531408021","","0.69929680039047","","10.53871245591","","3","","10.377744","","7.861322","","0.76829482270769","","5.51671","","0.70950256585915","","17.7552","","0.62733966318284","","6.413416537","","1.360690016","","34.28",""
"60","Palau","0.78025016313477","","..","","..","","..","","..","","..","","..","","12.036","","0.6955619667046","","23.035","","0.57025192848998","","..","","..","","..",""
"60","Panama","0.77967759708982","","0.6042608708084","","22.49862339718","","-20","","21.733836666667","","12.10351","","0.77889812676923","","16.602","","0.56748367139671","","36.496","","0.49915955342268","","17.5875","","3.6456621","","51.9",""
"62","Malaysia","0.77924582389409","","..","","..","","..","","..","","4.909953","","0.8002193186","","..","","..","","..","","..","","11.33259912","","2.626990144","","46.21",""
"63","Mauritius","0.77655244442417","","0.6663602980181","","14.189916881632","","-2","","14.076723666667","","9.217171","","0.75978244578462","","13.17","","0.62294895099094","","19.843","","0.62515200318471","","5.898511502","","1.515739769","","35.9",""
"64","Seychelles","0.77245936746634","","..","","..","","..","","..","","7.904236","","0.75235154898462","","..","","..","","..","","..","","18.76819407","","6.420490928","","65.77",""
"64","Trinidad and Tobago","0.77189381924065","","0.65438914118727","","15.222906975595","","-3","","14.9892","","16.4326","","0.64796876307692","","6.595","","0.65915984651021","","21.94","","0.65609003006745","","..","","..","","..",""
"66","Serbia","0.77114977747198","","0.69324952892567","","10.101831164587","","5","","10.067673666667","","8.533891","","0.77253682832308","","8.12667","","0.68750441528562","","13.54246","","0.6272982349327","","4.563918757","","1.074433657","","29.65",""
"67","Cuba","0.76901113512639","","..","","..","","..","","..","","5.08869","","0.867343356","","11.25588","","0.68141073100958","","..","","..","","..","","..","","..",""
"67","Lebanon","0.76889783727936","","0.60879163388853","","20.822818797013","","-15","","20.230474666667","","6.653424","","0.85160799335385","","24.053","","0.49058471911827","","29.985","","0.54007277024383","","..","","..","","..",""
"69","Costa Rica","0.76574690470012","","0.61349997508508","","19.882147571288","","-11","","19.053304333333","","7.334544","","0.8468197056","","15.51065","","0.56098904762721","","34.314719","","0.4860694323323","","12.80522565","","2.945151033","","48.61",""
"69","Iran (Islamic Republic of)","0.76559071102711","","0.5085356047709","","33.57604821398","","-41","","32.12576","","12.47428","","0.74598844430769","","37.345","","0.433332944625","","46.558","","0.40682748634682","","7.023328149","","1.708765859","","38.28",""
"71","Venezuela (Bolivarian Republic of)","0.76225240029652","","0.61235820431111","","19.664640731482","","-11","","19.376899666667","","12.18239","","0.73226376338462","","17.581","","0.56990774976301","","28.367309","","0.55023031801465","","11.73696682","","2.406816534","","44.77",""
"72","Turkey","0.76112029344145","","0.64091099346968","","15.793732082512","","0","","15.670396063333","","11.049","","0.75676773846154","","14.15618819","","0.56315479397571","","21.806","","0.61773579596229","","8.015517241","","1.860890787","","40.04",""
"73","Sri Lanka","0.75665891094836","","0.66859765931294","","11.638170166403","","7","","11.607120666667","","8.319362","","0.77434877326154","","12.786","","0.64619154080556","","13.716","","0.59730571821561","","5.775906736","","1.571428571","","36.4",""
"74","Mexico","0.75620791155171","","0.58680448762244","","22.401699498444","","-12","","21.769836","","10.93181","","0.77831895261538","","19.74609","","0.51768792016654","","34.631608","","0.50148118368414","","11.13168724","","2.83649635","","48.07",""
"75","Brazil","0.75529195580556","","0.55658705027126","","26.308357186509","","-20","","25.613716666667","","14.54115","","0.71653958846154","","23.56","","0.51778338272267","","38.74","","0.46474100694902","","16.87020649","","3.774456522","","52.67",""
"76","Georgia","0.75411864105962","","0.65160582840842","","13.593724789399","","5","","13.201943333333","","12.88483","","0.73578812815385","","3.305","","0.760905041875","","23.416","","0.49416461334057","","8.916666667","","1.992903226","","41.35",""
"77","Saint Kitts and Nevis","0.7520020853611","","..","","..","","..","","..","","..","","..","","..","","..","","..","","..","","..","","..","","..",""
"78","Azerbaijan","0.75113917353741","","0.6521917269274","","13.172984460926","","7","","12.945803333333","","21.67841","","0.61211334953846","","8.3","","0.64526691833333","","8.859","","0.70235164690189","","5.095940959","","1.302689487","","33.03",""
"79","Grenada","0.74999317959942","","..","","..","","..","","..","","8.36366","","0.75282777784615","","..","","..","","..","","..","","..","","..","","..",""
"80","Jordan","0.74832854187556","","0.62493537090973","","16.489170739977","","2","","16.41439","","11.85039","","0.73231983692308","","16.9017","","0.58627566931819","","20.49108","","0.56846358402599","","5.143377886","","1.365974283","","33.69",""
"81","The former Yugoslav Republic of Macedonia","0.74725285993657","","0.62242357958898","","16.705092350959","","2","","16.077286333333","","7.571069","","0.78777888883077","","10.592","","0.60760161831111","","30.06879","","0.50377295706111","","9.293900185","","2.339213026","","44.2",""
"81","Ukraine","0.74700522141258","","0.68900117157189","","7.7648787689871","","16","","7.7181433333333","","10.39433","","0.70305987230769","","3.59926","","0.76984961514417","","9.16084","","0.60431263304523","","3.444662096","","0.855628059","","24.82",""
"83","Algeria","0.73562376713465","","..","","..","","..","","..","","16.71408","","0.70216437169231","","..","","..","","..","","..","","..","","..","","..",""
"84","Peru","0.7342031291043","","0.56252558597558","","23.382840023872","","-10","","23.033823333333","","13.93738","","0.722926008","","23.289","","0.50888508308884","","31.87509","","0.48385281532398","","11.86729858","","2.513754647","","45.33",""
"85","Albania","0.73276580264162","","0.63411097149341","","13.463350881354","","8","","13.387906","","9.932758","","0.80090562886154","","11.9","","0.56106722582207","","18.33096","","0.5674133583121","","4.273446328","","1.040853382","","28.96",""
"85","Armenia","0.73298258304467","","0.65827679028304","","10.192028363254","","14","","10.079533333333","","12.69043","","0.73474361215385","","3.685","","0.678535161875","","13.86317","","0.5721599459957","","4.472063854","","1.141013825","","30.3",""
"85","Bosnia and Herzegovina","0.73253032584449","","0.63515227162061","","13.293381964988","","9","","13.116434","","6.679282","","0.81117239492308","","12.50965","","0.5733401935985","","20.16037","","0.55094470760493","","5.445783133","","1.271667511","","33.04",""
"88","Ecuador","0.73167444306174","","0.56977456688191","","22.127310542971","","-4","","21.79275","","13.38825","","0.74486105","","21.05","","0.51041196930556","","30.94","","0.48653385309786","","11.99767442","","2.657657658","","46.57",""
"89","Saint Lucia","0.72905644949465","","0.61299065476064","","15.920001093806","","5","","15.477391666667","","9.859055","","0.76411785684615","","9.17726","","0.59993878071358","","27.39586","","0.50245164888065","","..","","..","","..",""
"90","China","0.72749494119267","","..","","..","","..","","..","","9.841078","","0.77397966886154","","..","","..","","29.5332","","0.5143454705822","","10.08351178","","2.080499653","","37.01207517",""
"90","Fiji","0.72713577447593","","0.61595362616629","","15.290424733918","","8","","15.117336666667","","12.28901","","0.67469992307692","","10.463","","0.68631670901093","","22.6","","0.50467154198448","","7.998387097","","2.169881767","","42.83",""
"90","Mongolia","0.72662058883661","","0.63322012439907","","12.854089998616","","12","","12.803626666667","","16.63588","","0.633567312","","9.435","","0.64728868369444","","12.34","","0.61911788408537","","6.202816901","","1.555068493","","36.52",""
"93","Thailand","0.72583613923148","","0.57602237084822","","20.640163844953","","1","","19.948796333333","","9.764389","","0.75520265206154","","16.1","","0.51875510348852","","33.982","","0.48785657479866","","6.905325444","","1.795480881","","39.37",""
"94","Dominica","0.72394281603466","","..","","..","","..","","..","","..","","..","","..","","..","","..","","..","","..","","..","","..",""
"94","Libya","0.72446401101394","","..","","..","","..","","..","","10.10002","","0.71366753353846","","..","","..","","..","","..","","..","","..","","..",""
"96","Tunisia","0.72119113210135","","0.56245456575276","","22.010332529476","","-2","","21.359026666667","","10.64592","","0.75332362830769","","34.57692","","0.41486664301166","","18.85424","","0.56934070260214","","6.352592593","","1.488499452","","35.79",""
"97","Colombia","0.7201703999718","","0.54195379402658","","24.746449722482","","-10","","24.067443333333","","13.54933","","0.71820556615385","","21.256","","0.48920848278642","","37.397","","0.45304781197296","","17.53636364","","3.964117092","","53.53",""
"97","Saint Vincent and the Grenadines","0.72003538838277","","..","","..","","..","","..","","12.95081","","0.70844648476923","","..","","..","","..","","..","","..","","..","","..",""
"99","Jamaica","0.71852960192059","","0.59251384873554","","17.5380043979","","7","","16.90408","","14.96376","","0.72869516430769","","5.60595","","0.62823461786681","","30.14253","","0.45438895383053","","9.646728972","","2.50348675","","45.51",""
"100","Tonga","0.71704072878724","","..","","..","","..","","..","","13.65591","","0.70137968492308","","..","","..","","..","","..","","..","","..","","..",""
"101","Belize","0.71498223481172","","0.55309926049982","","22.641537989336","","-3","","21.716643333333","","11.36911","","0.68177607692308","","15.85449","","0.61091125372154","","37.92633","","0.40624623583573","","..","","..","","..",""
"101","Dominican Republic","0.71502847209969","","0.54630587841694","","23.596625905999","","-6","","23.399026666667","","16.93693","","0.68367296076923","","22.929","","0.47431548626667","","30.33115","","0.50279611421853","","10.29141717","","2.521156559","","45.68",""
"103","Suriname","0.714286152213","","0.54274080345845","","24.016334101266","","-5","","23.30387","","13.56505","","0.67951168384615","","19.02641","","0.49197282439049","","37.32015","","0.4782328197977","","..","","..","","..",""
"104","Maldives","0.70636529169859","","0.53056253093958","","24.88836340419","","-6","","23.755218333333","","8.148625","","0.80263970769231","","39.96557","","0.33293998477209","","23.15146","","0.5588858733664","","6.795698925","","1.611845888","","37.37",""
"105","Samoa","0.70209394481572","","..","","..","","..","","..","","13.25681","","0.71262866861538","","..","","..","","..","","..","","..","","..","","..",""
"106","Botswana","0.69791874265797","","0.43127898874363","","38.204985425505","","-23","","36.49936","","21.90508","","0.53464983692308","","32.082","","0.43650540143889","","55.511","","0.34372873569274","","22.90140845","","5.815943728","","60.46",""
"107","Moldova (Republic of)","0.69330269057027","","0.61835425206339","","10.81034871583","","20","","10.76846","","10.95309","","0.70689547015385","","7.32865","","0.65106039885605","","14.02364","","0.51373076683707","","4.626619552","","1.144792153","","30.63",""
"108","Egypt","0.68994865522471","","0.52442143861969","","23.991236935032","","-5","","22.833536666667","","13.43164","","0.68056049169231","","40.9","","0.35112360666667","","14.16897","","0.60355180112376","","4.36","","1.193620845","","30.75",""
"109","Turkmenistan","0.68752051713547","","..","","..","","..","","..","","25.98706","","0.51922924061538","","..","","..","","..","","..","","..","","..","","..",""
"110","Gabon","0.68351293195225","","0.51925944039466","","24.030780381645","","-6","","23.9663","","28.00768","","0.49176292430769","","23.47992","","0.46453873508022","","20.4113","","0.6128800534171","","8.295221843","","2.102531646","","42.19",""
"110","Indonesia","0.68375955929175","","0.55938158325246","","18.190308910361","","6","","18.168066666667","","16.43662","","0.62865373569231","","20.81128","","0.48597792350311","","17.2563","","0.57292325384717","","5.720838794","","1.48628692","","38.1406895",""
"112","Paraguay","0.67916435563286","","0.52920093882084","","22.080578223556","","-1","","21.84576","","19.22728","","0.65736567507692","","16.213","","0.49236825421667","","30.097","","0.45789378714079","","12.99014778","","2.92247455","","48.01",""
"113","Palestine, State of","0.6774926087216","","0.57681058020078","","14.860978145696","","16","","14.849466666667","","13.07191","","0.70746091707692","","16.49649","","0.54863285277155","","14.98","","0.49444204135129","","5.526588846","","1.395716471","","34.46",""
"114","Uzbekistan","0.67546611726697","","0.56852076244163","","15.832823007919","","14","","15.27327","","24.32409","","0.56349446830769","","1.423","","0.67197197403513","","20.07272","","0.48528645759315","","5.823924731","","1.45174538","","35.19",""
"115","Philippines","0.6682183455842","","0.5472100893836","","18.109089192218","","7","","17.844166666667","","15.19036","","0.62889609969231","","11.5562","","0.53893219702911","","26.78594","","0.48344743161308","","8.429541596","","2.189666449","","43.03",""
"116","El Salvador","0.66578428849696","","0.48800590769104","","26.702099144945","","-6","","26.235936666667","","14.46281","","0.69745708769231","","30.246","","0.38894031396607","","33.999","","0.4284249809234","","8.445614035","","2.044710327","","41.8",""
"116","South Africa","0.66587939431642","","0.42846486995644","","35.654283100876","","-15","","33.018033333333","","25.72533","","0.42736502430769","","16.06077","","0.59433213537018","","57.268","","0.30968307420999","","28.53877551","","7.979228487","","65.02",""
"116","Viet Nam","0.66571735021655","","0.54938204405855","","17.475180137661","","9","","17.37581","","12.09993","","0.75458829323077","","18.034","","0.47449206666667","","21.9935","","0.46311021857227","","6.120910384","","1.487138264","","35.62",""
"119","Bolivia (Plurinational State of)","0.66183076420765","","0.47215507124753","","28.659243906136","","-5","","28.446583666667","","24.53193","","0.56078581246154","","24.707","","0.47972285711846","","36.100821","","0.39126098745735","","15.20481928","","2.725426483","","46.64",""
"120","Kyrgyzstan","0.65527351472543","","0.56034430127457","","14.486960226165","","17","","14.24171","","19.97275","","0.62298136153846","","5.01723","","0.66533683029195","","17.73515","","0.42447123030256","","5.390625","","1.317109885","","33.39",""
"121","Iraq","0.65386083899606","","0.51161351641907","","21.75498425558","","2","","21.474583333333","","17.64561","","0.625893364","","30.63102","","0.34180543629461","","16.14712","","0.62596019371305","","4.376136364","","1.08120438","","29.54",""
"122","Cabo Verde","0.64624027254263","","0.51897281499435","","19.693520035132","","5","","19.417433333333","","11.9733","","0.72181894","","18.239","","0.43345482409967","","28.04","","0.44674707020859","","8.683937824","","2.287024902","","43.82",""
"123","Micronesia (Federated States of)","0.6395901687817","","..","","..","","..","","..","","19.80685","","0.60576671769231","","..","","..","","..","","..","","40.23899371","","6.980740741","","61.1",""
"124","Guyana","0.63571574929002","","0.5196754458309","","18.253488857043","","8","","18.05322","","19.22917","","0.57657946338462","","10.48157","","0.51052957418533","","24.44892","","0.47677833992008","","..","","..","","..",""
"125","Nicaragua","0.6314321337314","","0.47991693342441","","23.995484583849","","1","","23.64859","","13.16273","","0.733440942","","29.49004","","0.3664363449","","28.293","","0.41127710108381","","11.00431034","","2.531654676","","45.73",""
"126","Morocco","0.62795366156731","","0.44145201968587","","29.699905151592","","-2","","28.517083333333","","16.75125","","0.691605","","45.8","","0.25301553666667","","23","","0.4916377355269","","7.343558282","","1.957572186","","40.88",""
"126","Namibia","0.62761630767066","","0.35371156154827","","43.642069649044","","-25","","39.279133333333","","21.7354","","0.53942370461538","","27.765","","0.37737811311111","","68.337","","0.21739073488972","","19.63204748","","5.835400225","","61.32",""
"128","Guatemala","0.62720878788976","","0.44308961766509","","29.355323742216","","1","","28.901293333333","","17.43288","","0.65799643323077","","36.212","","0.3084801149545","","33.059","","0.42857221158961","","14.7881137","","3.593642612","","52.35",""
"129","Tajikistan","0.62445550494777","","0.51508176371746","","17.515057576353","","10","","16.96703","","29.32845","","0.53710378","","6.54325","","0.61450471450333","","15.02939","","0.41404266411366","","4.702994012","","1.138207547","","30.77",""
"130","India","0.60869272663581","","0.43483884732852","","28.561846018461","","1","","27.713996666667","","24.97299","","0.55404561230769","","42.112","","0.2920866072","","16.057","","0.50807502073062","","5.012880562","","1.392166344","","33.60168037",""
"131","Honduras","0.60605460756076","","0.41180566813169","","32.051392235244","","-7","","30.685353333333","","17.02011","","0.67788187061538","","26.41244","","0.36139225526878","","48.62351","","0.28506513202834","","23.4559387","","4.996717724","","57.4",""
"132","Bhutan","0.60518458794922","","0.42458548188398","","29.841987000567","","-2","","28.86168","","22.18537","","0.59258833615385","","44.81067","","0.2488459295035","","19.589","","0.51905308869883","","6.811851852","","1.757142857","","38.73",""
"133","Timor-Leste","0.59476107906359","","0.41187794324889","","30.749008678011","","-4","","29.42879","","22.84287","","0.57214979476923","","47.62373","","0.24705180643272","","17.81977","","0.49431959442488","","4.381738174","","1.158592322","","30.41",""
"134","Syrian Arab Republic","0.59372056140246","","0.46785729458108","","21.199074952713","","8","","20.789216666667","","12.56167","","0.66722171815385","","31.489","","0.37624204900833","","18.31698","","0.40794602932484","","5.720052083","","1.513867085","","35.78",""
"134","Vanuatu","0.5938712052456","","0.49190616815395","","17.16955396911","","12","","17.15965","","15.4479","","0.67511599846154","","17.49305","","0.4298540130513","","18.538","","0.41015444230469","","..","","..","","..",""
"136","Congo","0.59062154061183","","0.43373820149606","","26.562414055074","","6","","26.225876666667","","35.95559","","0.41678131430769","","21.52094","","0.40153767449522","","21.2011","","0.48758291972881","","8.178253119","","1.877358491","","40.17",""
"137","Kiribati","0.5902369574128","","0.40454296013839","","31.460923437997","","-2","","30.13006","","20.56518","","0.56215411076923","","21.38","","0.47378222880667","","48.445","","0.2485763384142","","..","","..","","..",""
"138","Equatorial Guinea","0.58656086094597","","..","","..","","..","","..","","44.3537","","0.32189244307692","","..","","..","","..","","..","","..","","..","","..",""
"139","Zambia","0.58550986326183","","0.38390514622055","","34.432334908614","","-6","","33.861966666667","","37.22368","","0.38728160492308","","21.73491","","0.4656772855","","42.62731","","0.31373276526865","","17.36312849","","4.767605634","","57.49",""
"140","Ghana","0.57909028668107","","0.38737813869404","","33.105744025822","","-3","","33.052983333333","","30.75242","","0.44105381723077","","36.74153","","0.34970371667428","","31.665","","0.37688902506917","","9.265267176","","2.171750663","","42.76",""
"141","Lao People's Democratic Republic","0.57504489148152","","0.42811392880719","","25.551216061721","","7","","25.28082","","21.45396","","0.55828108430769","","34.063","","0.30364801723","","20.3255","","0.46286539278141","","5.813648294","","1.555031447","","36.22",""
"142","Bangladesh","0.57009997440545","","0.40260751686498","","29.379488696722","","1","","28.97124","","20.0894","","0.63436722461538","","38.55827","","0.27414542167192","","28.26605","","0.37525276709237","","4.663288288","","1.272","","32.12",""
"143","Cambodia","0.55475832129913","","0.4177505174369","","24.696845203041","","7","","24.6246","","25.25465","","0.55656537538462","","28.3292","","0.32147742236156","","20.28995","","0.40745938672434","","4.582869855","","1.254545455","","31.82",""
"143","Sao Tome and Principe","0.55500390898838","","0.41772242945305","","24.735227502371","","6","","24.698743333333","","26.88623","","0.52304466230769","","21.425","","0.36847415361944","","25.785","","0.37819656594974","","5.560747664","","1.345398139","","33.87",""
"145","Kenya","0.54840928475248","","0.37693211356814","","31.268101389228","","-3","","31.148316666667","","31.46176","","0.438644736","","26.01787","","0.38036083136842","","35.96532","","0.32098202250713","","10.99173554","","2.809911243","","47.68",""
"145","Nepal","0.54753652493606","","0.40088377207496","","26.784104106703","","3","","25.873963333333","","21.11669","","0.60194033476923","","41.37719","","0.26583897344181","","15.12801","","0.40260886369197","","5.013301088","","1.298091043","","32.82",""
"147","Pakistan","0.53838176187861","","0.37744689985192","","29.892331691388","","0","","28.629526666667","","29.90465","","0.49821618","","44.39953","","0.20801964986707","","11.5844","","0.51885427504628","","4.115745568","","1.126760563","","29.63",""
"148","Myanmar","0.53556067762119","","..","","..","","..","","..","","27.06943","","0.51500202507692","","19.44","","0.30288322222222","","..","","..","","..","","..","","..",""
"149","Angola","0.5315914218244","","0.33483792032843","","37.012166377838","","-8","","36.588546666667","","46.2333","","0.26717914","","34.587","","0.31001463639089","","28.94534","","0.45323053540523","","9.007407407","","2.153692615","","42.66",""
"150","Swaziland","0.53063315045528","","0.35412727097793","","33.263259056828","","-2","","33.110276666667","","34.96039","","0.29017672153846","","26.81536","","0.40410748921067","","37.55508","","0.37872035616173","","13.97777778","","3.513134851","","51.49",""
"151","Tanzania (United Republic of)","0.52121435595463","","0.37893892163456","","27.296913965366","","4","","27.22424","","30.44454","","0.4815378","","28.49972","","0.30416417723889","","22.72846","","0.37150887786098","","6.185385656","","1.685838307","","37.82",""
"152","Nigeria","0.51402400142164","","0.3196172472622","","37.820559666819","","-9","","37.493976666667","","40.79345","","0.29876536","","43.29704","","0.25397526698142","","28.39144","","0.43029762844146","","9.077922078","","2.189873418","","42.95",""
"153","Cameroon","0.51180652813855","","0.34411749072218","","32.764145863137","","-1","","32.426526666667","","39.3997","","0.33097086923077","","34.76","","0.31804518122222","","23.11988","","0.38711647255849","","7.51023622","","1.938949939","","40.72",""
"154","Madagascar","0.50986557901921","","0.37213431540514","","27.013250017585","","4","","26.751296666667","","24.80113","","0.52176446723077","","35.01448","","0.31774395620693","","20.43828","","0.31084748591806","","7.38","","1.93127548","","40.63",""
"155","Zimbabwe","0.50874738557583","","0.37118442267793","","27.039541980584","","4","","26.654326666667","","26.79197","","0.42235401923077","","17.39521","","0.448609175701","","35.7758","","0.26991339798702","","..","","..","","..",""
"156","Mauritania","0.50586720828014","","0.33705424972888","","33.371002466279","","1","","32.86465","","36.60579","","0.42035237707692","","40.78516","","0.21423057337967","","21.203","","0.42521097359321","","7.803986711","","1.921020656","","40.46",""
"156","Solomon Islands","0.50563741717445","","0.38516802942875","","23.825251781979","","11","","23.80402","","22.27706","","0.57275828092308","","22.82","","0.32779998314033","","26.315","","0.30434795727775","","..","","..","","..",""
"158","Papua New Guinea","0.50525936210414","","..","","..","","..","","..","","26.53313","","0.48149056338462","","11.463","","0.36004401084375","","..","","..","","..","","..","","..",""
"159","Comoros","0.50318352442349","","0.2682788221251","","46.683703042052","","-18","","45.951606666667","","34.22706","","0.43814896953846","","47.61438","","0.24765596378597","","56.01338","","0.17794614642715","","26.6745098","","6.986075949","","64.3",""
"160","Yemen","0.49811025018235","","0.3286615550125","","34.018311228853","","0","","32.99747","","30.32686","","0.46948977415385","","48.09012","","0.17699812719478","","20.57543","","0.42722032746076","","5.631377551","","1.530977983","","35.91",""
"161","Lesotho","0.49653214869026","","0.31960708625307","","35.632146458972","","-2","","34.93951","","33.47936","","0.30497154953846","","24.3","","0.38250879162402","","47.03917","","0.27986491155382","","20.43309859","","4.281086729","","54.17",""
"162","Togo","0.48353754880755","","0.32200558822837","","33.406290985577","","1","","33.073766666667","","36.82426","","0.38585798123077","","38.87913","","0.29862168449255","","23.51791","","0.28976197784719","","10.65495868","","2.578438662","","45.96",""
"163","Haiti","0.48337329926255","","0.29595101090545","","38.773819042764","","-7","","38.203496666667","","27.91379","","0.47465996738462","","38.29759","","0.24892007838044","","48.39911","","0.21939006114506","","26.62605042","","5.531322506","","59.21",""
"163","Rwanda","0.48324052368554","","0.33037072732874","","31.634308147608","","4","","31.58573","","30.16658","","0.474867256","","29.41586","","0.28937997774067","","35.17475","","0.26240008731676","","11.01550388","","3.21577381","","50.82",""
"163","Uganda","0.48267209055669","","0.33683124528547","","30.215305198818","","6","","30.161916666667","","33.81124","","0.39204111692308","","29.37211","","0.31925532739533","","27.3024","","0.30532849839025","","8.793459552","","2.371352785","","44.55",""
"166","Benin","0.47963511040056","","0.30034405276366","","37.380719999244","","-2","","37.064813333333","","37.01023","","0.38375306030769","","44.79226","","0.2304909343065","","29.39195","","0.30630311253941","","8.218241042","","2.246134021","","43.53",""
"167","Sudan","0.47911311960705","","..","","..","","..","","..","","32.79603","","0.44974964538462","","42.67139","","0.17134852695217","","..","","..","","6.227606461","","1.447453954","","35.29",""
"168","Djibouti","0.47044273544408","","0.30780466879148","","34.571278159728","","1","","33.737973333333","","32.53113","","0.43595269846154","","46.974","","0.16210666836667","","21.70879","","0.41265333408723","","7.706467662","","1.868802902","","39.96",""
"169","South Sudan","0.46669886374448","","..","","..","","..","","..","","40.80349","","0.32512544723077","","39.55255","","0.23516556824673","","..","","..","","..","","..","","..",""
"170","Senegal","0.46588912688094","","0.30539697150887","","34.448572871091","","1","","33.9788","","29.49874","","0.50435516769231","","44.74737","","0.16756399201516","","27.69029","","0.33703655318898","","7.759933775","","1.900977995","","40.31",""
"171","Afghanistan","0.46526426020753","","0.31931255905001","","31.369635203105","","5","","29.978433333333","","34.34492","","0.40807157415385","","44.82338","","0.20155390885606","","10.767","","0.39584068782651","","3.988297872","","1.008691873","","27.82",""
"172","Côte d'Ivoire","0.46222199694966","","0.28658078746844","","37.999318647821","","-1","","37.566653333333","","40.19919","","0.28980392538462","","45.11142","","0.21420756243489","","27.38935","","0.37914222307906","","9.431599229","","2.220945946","","43.19",""
"173","Malawi","0.4454155645141","","0.29908762784202","","32.852003461467","","2","","32.63441","","40.02115","","0.39493765846154","","30.20141","","0.30831161735839","","27.68067","","0.21972370232741","","9.652495379","","2.573883162","","46.18",""
"174","Ethiopia","0.44181595438423","","0.31191881326926","","29.400735719471","","7","","27.994623333333","","30.15148","","0.47389534338462","","44.335","","0.17619195631374","","9.49739","","0.36345963879606","","5.257537688","","1.351842752","","33.6",""
"175","Gambia","0.44064949738775","","..","","..","","..","","..","","34.78056","","0.403357152","","..","","..","","26.928","","0.29945095518888","","11.03131524","","2.767041199","","47.28",""
"176","Congo (Democratic Republic of the)","0.43313535394693","","0.27642385546667","","36.180722042714","","0","","35.27628","","49.92668","","0.29812884369231","","27.69055","","0.34069802525","","28.21161","","0.20794713835224","","9.250457038","","2.364689843","","44.43",""
"177","Liberia","0.42969510900184","","0.28017904355125","","34.795849968575","","2","","34.066466666667","","33.09736","","0.42097199630769","","46.38","","0.21459915555556","","22.72204","","0.24345894158863","","6.979813665","","1.691961776","","38.16",""
"178","Guinea-Bissau","0.41960506966297","","0.2535069882457","","39.584383847097","","-5","","39.35627","","45.30381","","0.29620090584615","","40.315","","0.20638641277837","","32.45","","0.26650313500409","","5.93543956","","1.486786469","","35.52",""
"179","Mali","0.41928883598567","","0.26973463251353","","35.668539354396","","1","","34.4547","","45.64602","","0.31776172923077","","41.61872","","0.17644030867393","","16.09936","","0.35003440581335","","5.181932246","","1.294088176","","33.02",""
"180","Mozambique","0.41642756117289","","0.27348434049557","","34.326071087781","","3","","34.146813333333","","40.23577","","0.322726842","","33.81013","","0.24224076692225","","28.39454","","0.26164658516284","","9.839388145","","2.498639456","","45.66",""
"181","Sierra Leone","0.41277942655418","","0.24079852656265","","41.664116215093","","-4","","40.01996","","51.21734","","0.23190526061538","","49.622","","0.1713604521375","","19.22054","","0.35135025710518","","5.583866837","","1.483737739","","35.35",""
"182","Guinea","0.41128162740384","","0.26114592709766","","36.504353781591","","0","","35.221293333333","","40.34226","","0.35611081723077","","48.26536","","0.16673019085344","","17.05626","","0.2999510297531","","5.505960265","","1.346036585","","33.68",""
"183","Burkina Faso","0.40228757276206","","0.2612984674663","","35.046845799322","","2","","34.64006","","41.0828","","0.35078394461538","","38.6481","","0.16052104299122","","24.18928","","0.31683919945256","","6.998511905","","1.858381503","","39.78",""
"184","Burundi","0.39992832853047","","0.26938874030283","","32.640745582416","","5","","31.541793333333","","43.615","","0.31835838461538","","36.86809","","0.23373274429375","","14.14229","","0.26272564553981","","4.771205357","","1.34678194","","33.27",""
"185","Chad","0.39190571693842","","0.23550435937314","","39.907904071188","","-1","","39.56977","","46.11933","","0.26194294953846","","41.86106","","0.15688532625746","","30.72892","","0.31783945938622","","9.981557377","","2.237800687","","43.3",""
"186","Eritrea","0.39089902333553","","..","","..","","..","","..","","24.72676","","0.50606778276923","","..","","..","","..","","..","","..","","..","","..",""
"187","Central African Republic","0.35013106761746","","0.19790150789528","","43.47787837225","","-1","","43.146676666667","","45.69584","","0.25648272492308","","34.5496","","0.2238447095432","","49.19459","","0.13500266953762","","17.98219585","","4.504882813","","56.3",""
"188","Niger","0.34825438930135","","0.24646467172002","","29.22855266391","","3","","28.367923333333","","37.8841","","0.39563050153846","","34.96483","","0.12939560011125","","12.25484","","0.29245210592874","","4.517857143","","1.211715867","","31.16",""
